,Acre,Amapá,Amazonas,Pará,Rondônia,Roraima,Tocantins,Alagoas,Bahia,Ceará,Maranhão,Paraíba,Pernambuco,Piauí,Rio Grande do Norte,Sergipe,Espirito Santo,Minas Gerais,Rio de Janeiro,São Paulo,Paraná,Rio Grande do Sul,Santa Catarina,Distrito Federal,Goiás,Mato Grosso,Mato Grosso do Sul
Unnamed: 1,AC,AP,AM,PA,RO,RR,TO,AL,BA,CE,MA,PB,PE,PI,RN,SE,ES,MG,RJ,SP,PR,RS,SC,DF,GO,MT,MS
26/02/2020,0,0,0,0,0,0,0,0,0,0,0,0,0,0,0,0,0,0,0,0,0,0,0,0,0,0,0
27/02/2020,0,0,0,0,0,0,0,0,0,0,0,0,0,0,0,0,0,0,0,0,0,0,0,0,0,0,0
28/02/2020,0,0,0,0,0,0,0,0,0,0,0,0,0,0,0,0,0,0,0,0,0,0,0,0,0,0,0
29/02/2020,0,0,0,0,0,0,0,0,0,0,0,0,0,0,0,0,0,0,0,1,0,0,0,0,0,0,0
01/03/2020,0,0,0,0,0,0,0,0,0,0,0,0,0,0,0,0,0,0,0,0,0,0,0,0,0,0,0
02/03/2020,0,0,0,0,0,0,0,0,0,0,0,0,0,0,0,0,0,0,0,0,0,0,0,0,0,0,0
03/03/2020,0,0,0,0,0,0,0,0,0,0,0,0,0,0,0,0,0,0,0,0,0,0,0,0,0,0,0
04/03/2020,0,0,0,0,0,0,0,0,0,0,0,0,0,0,0,0,0,0,0,1,0,0,0,0,0,0,0
05/03/2020,0,0,0,0,0,0,0,0,0,0,0,0,0,0,0,0,0,0,1,3,0,0,0,0,0,0,0
06/03/2020,0,0,0,0,0,0,0,0,1,0,0,0,0,0,0,0,1,0,0,4,0,0,0,0,0,0,0
07/03/2020,0,0,0,0,0,0,0,0,1,0,0,0,0,0,0,0,0,0,1,3,0,0,0,1,0,0,0
08/03/2020,0,0,0,0,0,0,0,1,0,0,0,0,0,0,0,0,0,1,1,3,0,0,0,0,0,0,0
09/03/2020,0,0,0,0,0,0,0,0,0,0,0,0,0,0,0,0,0,0,5,0,0,0,0,0,0,0,0
10/03/2020,0,0,0,0,0,0,0,0,0,0,0,0,0,0,0,0,0,0,0,3,0,1,0,0,0,0,0
11/03/2020,0,0,0,0,0,0,0,0,0,0,0,0,0,0,0,0,0,0,5,11,0,1,0,1,0,0,0
12/03/2020,0,0,0,0,0,0,0,0,0,0,0,0,2,0,0,0,0,0,3,12,6,2,0,0,0,0,0
13/03/2020,0,0,0,0,0,0,0,0,0,0,0,0,0,0,1,0,0,1,0,14,0,0,2,0,3,0,0
14/03/2020,0,0,0,0,0,0,0,0,0,0,0,0,0,0,0,0,0,0,6,9,0,2,2,4,0,0,0
15/03/2020,0,0,1,0,0,0,0,0,0,0,0,0,0,0,0,1,0,0,2,71,0,0,2,2,0,0,0
16/03/2020,0,0,0,0,0,0,0,0,0,0,0,0,0,0,0,0,0,3,7,16,0,0,1,5,0,0,2
17/03/2020,0,0,0,0,0,0,0,0,1,5,0,0,14,0,0,3,0,2,2,12,0,4,0,9,3,0,2
18/03/2020,0,0,0,0,0,0,0,0,0,4,0,0,0,0,0,1,8,8,12,76,7,9,3,4,2,0,3
19/03/2020,3,0,2,1,0,0,1,3,27,11,0,1,12,0,0,1,2,14,20,46,10,9,10,16,4,0,0
20/03/2020,4,1,0,1,1,0,0,1,3,35,0,0,2,3,0,0,2,6,44,110,9,9,1,45,3,1,2
21/03/2020,2,0,8,0,0,0,1,2,8,13,1,0,0,1,5,4,13,3,10,63,11,23,30,13,5,1,7
22/03/2020,2,0,15,2,2,2,0,0,8,44,1,0,7,0,3,0,0,45,67,172,7,12,6,17,1,0,5
23/03/2020,0,0,6,1,0,0,3,0,14,51,0,1,5,2,4,0,3,45,47,114,6,14,11,16,2,0,0
24/03/2020,6,0,15,0,0,0,2,2,13,19,6,1,0,0,0,5,4,2,72,65,9,12,39,27,4,5,2
25/03/2020,6,0,7,2,2,6,0,2,8,18,0,0,4,2,1,1,6,3,65,52,16,25,2,0,2,1,1
26/03/2020,1,1,13,6,0,0,0,0,20,35,2,2,2,1,5,0,0,20,51,190,21,45,13,40,10,3,1
27/03/2020,1,0,14,0,1,2,1,0,11,47,3,4,8,0,9,0,8,36,72,171,17,27,27,30,10,0,3
28/03/2020,0,2,30,4,0,2,1,3,13,32,1,5,12,2,17,0,6,16,65,183,14,2,35,30,7,2,3
29/03/2020,9,0,29,1,0,4,0,3,26,34,2,0,5,3,23,0,7,26,42,45,15,29,10,29,2,3,5
30/03/2020,8,4,11,3,0,0,1,0,22,24,7,1,5,2,9,0,12,30,57,66,7,15,3,23,3,2,8
31/03/2020,0,2,24,11,2,0,1,1,37,18,8,2,9,2,5,3,12,14,51,822,24,33,22,20,4,7,4
01/04/2020,1,1,25,8,1,6,1,0,33,54,23,3,8,0,10,1,12,39,124,642,45,32,16,23,6,2,3
02/04/2020,0,0,29,6,1,4,0,0,21,106,17,1,11,1,13,3,24,56,160,525,28,28,12,15,2,9,2
03/04/2020,3,8,31,4,0,4,0,4,15,77,10,8,30,2,71,2,19,27,82,542,49,62,34,32,15,8,7
04/04/2020,0,9,51,30,1,7,2,1,50,103,7,3,40,1,36,2,14,33,172,418,94,14,53,52,15,12,2
05/04/2020,2,1,106,6,1,5,3,5,69,93,8,2,25,1,30,5,13,68,148,154,43,8,23,14,12,4,3
06/04/2020,2,5,115,16,2,0,0,3,30,190,37,1,22,0,4,0,28,27,67,246,20,63,22,5,4,16,1
07/04/2020,0,14,104,36,4,0,2,1,25,38,39,1,129,5,8,4,15,34,227,816,45,27,38,19,14,2,14
08/04/2020,4,59,168,29,0,7,4,5,41,240,58,5,49,3,7,0,18,55,250,1026,36,47,40,17,25,12,5
09/04/2020,8,21,95,1,10,3,0,0,62,134,43,14,154,7,0,3,46,41,278,772,70,63,44,18,21,18,4
10/04/2020,8,38,82,2,4,11,0,8,45,53,20,24,129,2,2,3,27,43,248,736,34,18,192,28,12,4,8
11/04/2020,2,27,69,47,1,12,0,3,31,104,51,6,132,1,26,0,49,52,143,203,33,4,39,24,18,9,3
12/04/2020,5,37,156,29,2,4,2,0,38,94,54,16,144,3,13,2,34,56,248,336,62,13,36,35,20,2,1
13/04/2020,13,12,69,24,7,4,1,2,50,124,47,10,194,6,37,0,47,9,376,140,18,11,9,24,4,11,12
14/04/2020,9,65,209,53,22,30,0,22,36,205,33,25,130,8,37,1,33,69,179,476,35,36,49,13,51,4,2
15/04/2020,2,27,70,61,5,1,0,10,48,152,152,15,200,17,23,1,94,19,333,1672,12,47,27,31,20,13,6
16/04/2020,9,28,165,54,7,28,3,7,144,229,65,14,199,16,1,2,197,55,201,525,29,33,31,34,14,5,10
17/04/2020,25,8,90,119,16,22,2,21,108,298,102,30,323,11,63,5,102,63,405,1273,42,22,42,30,17,6,12
18/04/2020,7,23,88,83,18,37,2,22,134,350,243,10,187,21,53,18,96,56,194,1053,71,29,36,16,43,9,18
19/04/2020,21,23,147,45,18,21,0,27,37,218,165,31,266,22,15,12,147,77,222,373,42,23,13,65,15,3,7
20/04/2020,13,17,116,217,32,22,1,12,111,230,115,9,231,13,64,3,69,35,134,313,20,35,50,45,10,7,3
21/04/2020,19,24,110,124,39,3,3,39,148,234,76,18,218,28,13,6,44,41,407,805,17,15,38,9,18,0,2
22/04/2020,19,22,209,169,24,33,0,33,155,194,208,38,390,20,38,25,101,53,246,529,39,19,28,65,17,2,2
23/04/2020,13,69,409,72,27,17,0,81,145,688,153,44,221,11,62,7,50,25,620,826,19,71,24,17,15,38,11
24/04/2020,7,85,306,179,40,7,6,89,173,202,194,41,480,39,46,20,18,111,110,1086,37,67,55,26,33,19,27
25/04/2020,24,52,441,133,38,41,7,88,119,621,154,61,508,41,27,9,214,62,546,2178,21,35,39,24,20,7,4
26/04/2020,21,113,198,288,36,56,8,53,128,412,118,52,391,34,44,6,108,67,283,711,16,70,26,53,67,3,17
27/04/2020,0,44,95,261,29,6,9,89,145,893,187,44,460,33,7,38,93,38,833,981,30,62,102,80,43,7,4
28/04/2020,32,76,409,134,20,18,12,134,186,192,118,90,366,44,25,83,78,63,560,2345,85,58,139,67,45,4,2
29/04/2020,43,98,464,160,20,27,37,180,106,349,276,66,470,46,229,57,233,109,365,2117,77,82,519,62,44,31,9
30/04/2020,50,64,453,454,69,67,21,87,205,339,386,115,682,59,91,110,358,69,584,2540,59,98,90,81,76,5,6
01/05/2020,82,41,469,300,83,83,27,182,234,273,316,112,458,87,120,70,197,108,713,1676,40,63,19,110,27,23,6
02/05/2020,67,66,339,284,68,66,27,146,230,430,299,108,811,65,69,84,323,88,380,800,45,90,242,100,17,11,5
03/05/2020,104,295,621,403,52,72,55,69,180,61,235,135,498,77,26,129,101,95,593,598,22,47,0,83,25,6,6
04/05/2020,76,251,559,262,51,66,21,97,239,2670,187,50,220,42,29,42,140,229,582,415,48,45,173,119,11,7,2
05/05/2020,84,198,867,347,105,63,36,68,306,430,303,142,462,91,115,126,176,105,670,1866,26,104,104,50,61,21,9
06/05/2020,126,115,1134,545,82,63,48,97,261,834,498,132,556,74,38,100,166,153,904,3800,39,235,294,88,102,14,5
07/05/2020,71,153,856,507,155,88,72,164,227,1584,361,164,943,102,165,216,270,165,861,2075,29,79,165,352,3,38,23
08/05/2020,163,123,628,617,124,104,71,166,290,1068,520,374,763,80,82,224,404,173,1585,1902,55,318,123,184,26,40,15
09/05/2020,158,171,1198,634,41,78,78,139,356,923,856,125,883,102,98,150,170,180,1188,2581,74,46,167,134,16,45,20
10/05/2020,112,120,674,481,39,88,116,86,384,813,834,185,805,45,9,183,187,114,133,1033,50,49,57,106,24,17,16
11/05/2020,13,58,320,307,94,5,59,85,250,907,545,184,493,54,61,29,220,83,877,687,14,34,100,101,7,22,23
12/05/2020,130,239,1249,1053,64,33,81,237,396,813,382,252,541,111,44,232,268,115,547,1588,57,341,204,196,15,50,20
13/05/2020,104,95,1648,1002,152,83,104,181,343,744,586,268,592,169,334,236,314,298,242,3378,90,0,95,213,19,70,25
14/05/2020,46,423,1365,1249,74,89,97,211,408,1921,689,316,687,172,170,226,412,217,739,3189,67,80,504,224,289,58,22
15/05/2020,45,202,1211,1242,103,89,150,240,1173,1413,938,378,621,121,249,374,385,246,520,4092,76,600,230,371,149,60,27
16/05/2020,82,204,1285,1075,130,117,100,381,186,1305,853,324,2279,180,218,267,397,278,1614,2805,103,98,116,353,68,72,29
17/05/2020,130,118,651,680,44,85,103,223,129,460,900,284,964,167,133,208,149,137,637,1162,44,40,98,228,52,50,62
18/05/2020,237,71,585,870,80,85,114,215,138,2108,746,439,642,35,47,223,413,84,4427,721,74,0,399,251,57,36,43
19/05/2020,248,287,1219,1561,214,109,150,285,2432,1749,960,514,1148,153,299,401,536,282,1140,2929,121,15,238,234,97,58,29
20/05/2020,335,239,1572,1840,242,82,163,121,184,2448,916,538,1318,197,313,310,399,309,2567,3864,135,1223,86,308,132,59,51
21/05/2020,286,639,1663,1621,160,79,167,479,744,853,944,400,1351,215,264,457,786,310,1717,3880,194,500,111,381,136,118,53
22/05/2020,240,467,1671,1713,115,160,229,386,616,3160,1154,644,1849,222,191,188,642,399,1500,3132,129,445,848,406,190,48,59
23/05/2020,524,436,1764,1228,335,68,225,328,443,549,1555,626,1026,184,348,209,398,343,944,3687,160,418,149,303,73,132,53
24/05/2020,293,262,1065,1428,92,65,161,584,899,473,2424,315,973,132,98,183,89,330,3379,1603,113,134,89,387,66,110,66
25/05/2020,341,231,415,1952,67,75,105,468,305,590,1595,193,607,160,62,134,358,294,1386,1464,119,89,179,292,69,38,99
26/05/2020,280,383,1667,2523,225,69,162,376,362,836,1492,903,488,170,713,287,524,554,726,2392,181,226,141,280,159,128,77
27/05/2020,470,652,1559,2433,369,99,165,522,504,254,1867,1290,1065,246,158,177,595,495,2374,3466,200,263,356,551,172,211,86
28/05/2020,349,533,2638,2666,390,277,254,475,893,546,1834,923,794,277,0,244,719,675,2488,6382,272,1186,628,539,247,112,76
29/05/2020,241,317,2763,2787,250,139,334,563,954,574,2503,879,1542,260,833,306,700,546,3067,5691,252,0,530,422,229,152,94
30/05/2020,231,844,1651,810,241,201,370,605,709,8111,2138,851,1172,242,939,343,534,398,4467,5586,237,1008,248,752,266,258,62
31/05/2020,147,289,818,665,199,175,195,1065,766,1983,2019,300,1023,186,649,194,253,834,968,2556,214,90,259,306,117,68,71
01/06/2020,107,288,396,85,230,218,169,549,506,2015,658,533,450,188,-87,234,379,206,1142,1598,148,0,461,730,204,112,79
02/06/2020,139,621,1421,3161,305,158,138,722,2532,2569,1328,1164,608,387,269,322,1082,269,2202,6999,328,587,162,746,471,168,78
03/06/2020,214,596,1152,3567,236,293,215,848,1021,2983,1549,1159,955,322,916,434,970,1071,2508,5188,331,479,374,764,193,139,156
04/06/2020,342,444,2126,3275,746,340,183,690,1012,3739,2455,1561,1044,236,133,211,773,1024,1692,5717,326,612,498,903,374,346,123
05/06/2020,263,776,1193,2911,403,348,301,840,2956,1800,2684,1000,1004,653,158,377,1215,961,2134,5365,528,573,314,1285,429,287,72
06/06/2020,241,446,1119,2216,838,407,323,881,977,1980,2157,1208,850,388,9,395,841,944,1467,5984,257,454,439,1642,296,181,135
07/06/2020,458,272,484,1095,410,291,139,888,854,696,2123,523,881,373,3,318,669,764,3223,2524,292,98,280,773,144,216,121
08/06/2020,145,249,542,1761,516,239,163,0,465,1334,1778,641,463,143,1436,437,1040,180,1743,1520,134,115,0,6,311,222,71
09/06/2020,329,477,1423,3116,594,288,245,1487,1766,2779,2698,1501,305,306,139,399,1305,219,3480,5545,283,552,627,1461,397,239,131
10/06/2020,289,852,1615,2947,630,291,205,983,2204,3018,1439,1580,925,432,541,489,1380,1399,1394,6178,517,817,402,1343,638,263,142
11/06/2020,345,543,1140,2031,697,247,272,1024,1206,2477,2172,1338,1059,464,1666,441,885,947,1402,6204,626,549,359,1074,498,490,256
12/06/2020,204,517,1122,2202,677,118,215,831,774,1826,1925,1186,878,514,267,478,1028,1658,2009,5380,248,216,212,889,189,271,148
13/06/2020,239,639,915,2182,486,130,187,856,1123,724,1254,898,799,488,288,1332,675,508,1052,4975,528,243,131,563,94,161,234
14/06/2020,108,190,480,669,155,33,41,1312,613,319,991,559,590,328,382,1102,509,767,736,5327,350,34,64,912,4,337,198
15/06/2020,129,301,271,45,315,6,165,763,1219,2714,742,655,246,204,43,1707,1140,347,1374,3258,133,777,600,813,2238,324,118
16/06/2020,232,1211,1241,2019,830,54,172,670,1586,1827,2119,1460,920,524,998,635,1371,296,2397,8825,841,1033,442,1696,1082,203,234
17/06/2020,336,594,1529,2949,557,215,264,1235,1720,3678,2024,1584,1019,678,0,497,1489,1323,3620,1232,528,657,613,1760,972,736,379
18/06/2020,325,769,1189,2431,237,271,201,766,651,2306,1356,48,1180,540,677,531,1230,1559,354,1111,834,694,558,1381,1068,388,110
19/06/2020,323,535,947,3449,549,229,182,1273,2345,2590,2409,3333,1094,468,150,470,1471,1146,6061,19030,866,765,749,2381,723,841,392
20/06/2020,276,1652,1219,2809,599,387,247,792,1382,2293,1173,1428,1398,1246,3167,641,1074,1253,2159,4135,877,551,786,1336,853,609,324
21/06/2020,118,266,508,1773,229,83,151,959,975,710,386,263,995,451,84,536,642,336,596,3392,839,210,474,989,739,508,247
22/06/2020,158,2842,321,1366,646,68,123,738,807,1292,630,469,381,212,667,399,926,1277,1439,2788,623,362,355,921,917,551,154
23/06/2020,271,1755,1342,2616,671,2152,289,853,1998,3370,1332,1746,337,793,118,499,1043,979,3297,7502,729,1154,1307,1220,1032,638,393
24/06/2020,212,482,1691,3072,926,463,332,982,2847,2050,1293,913,1191,958,1699,470,1654,1446,2624,9347,1110,1145,1677,1886,1054,784,417
25/06/2020,282,496,503,2328,749,1069,327,835,2360,2548,1611,912,1114,853,891,728,1765,1426,2404,9765,858,1051,1030,1617,925,714,322
26/06/2020,340,247,953,2436,1098,1039,256,799,2131,2296,1773,2008,668,943,1066,827,1406,6122,2600,9921,851,1054,996,2455,1316,869,390
27/06/2020,269,239,802,2841,0,167,285,657,8822,2206,1417,1410,1285,642,522,1411,0,2075,306,7073,1147,886,861,1440,757,779,394
28/06/2020,145,84,627,1130,549,1263,262,791,3251,940,397,437,1018,493,203,1102,2031,1775,2495,6156,923,243,556,2139,364,882,220
29/06/2020,88,268,244,764,586,118,131,805,972,657,457,378,369,595,5265,396,1414,1123,585,3408,584,416,692,2166,1023,399,149
30/06/2020,107,239,930,1999,845,182,405,845,3840,474,1482,1900,382,669,566,594,1796,1137,728,6235,1551,1282,1298,2147,1374,550,289
01/07/2020,462,435,1461,2647,211,512,458,857,3178,4318,2805,1218,847,1637,1612,504,1928,2583,2667,8555,1348,1230,925,1458,1160,985,711
02/07/2020,333,226,1246,2214,508,2430,232,509,2864,2507,2769,1361,1414,1248,998,697,1419,3123,1545,12244,2079,1024,1296,1605,722,1106,386
03/07/2020,64,421,1007,2344,271,740,282,1076,2965,2517,2189,1229,1243,1069,524,1574,1449,2644,2133,8523,1862,1176,1686,1715,67,1127,326
04/07/2020,375,235,1408,2120,716,446,546,851,3171,2911,843,1541,1095,1185,836,1575,1134,2607,1484,1828,2404,1248,1670,1764,2164,1244,522
05/07/2020,135,74,69,1280,522,153,193,680,1563,512,657,422,1672,518,388,456,570,2325,852,7649,889,336,1038,2094,32,793,179
06/07/2020,66,121,410,724,442,26,165,634,1231,1013,537,423,513,432,339,501,1154,1343,587,2891,1310,446,853,2529,770,605,164
07/07/2020,253,290,2743,1617,643,140,364,955,3675,2475,1837,1651,509,1003,836,922,2151,1271,2207,9638,1539,1399,1520,2311,2012,910,434
08/07/2020,226,230,915,2592,503,196,436,798,3582,3519,851,1542,1453,897,691,850,1839,3138,2243,8657,1407,1757,1468,1620,1356,1429,376
09/07/2020,298,239,1236,1987,335,870,405,869,2783,2529,2384,1270,1163,1334,549,926,1472,2829,1995,8350,1709,877,1598,1363,1212,1429,608
10/07/2020,303,317,1189,1943,598,1066,664,768,2867,2546,1395,1504,1333,1524,1205,1297,1347,3222,1119,9395,2088,1056,1698,1620,1262,1132,590
11/07/2020,312,199,723,2260,496,629,430,674,3002,2399,1680,1303,1270,1196,351,1333,880,3727,232,7780,1285,1230,1920,1109,655,1240,708
12/07/2020,110,85,296,780,232,376,193,697,1575,840,554,363,1100,498,805,1585,563,2038,9,5107,1740,520,1005,2306,451,775,228
13/07/2020,70,188,886,795,322,402,175,966,1128,421,878,324,431,396,379,590,1080,971,2360,2610,1045,416,784,1572,452,381,264
14/07/2020,219,333,1229,2061,478,341,416,709,3138,2231,1637,1354,675,797,541,946,1334,1821,778,12000,1781,1337,2235,1370,1136,487,473
15/07/2020,193,523,1303,2264,389,713,308,859,2964,1811,1002,1477,1384,1289,313,972,1139,3367,1627,6569,1761,1246,1926,1725,1063,1040,697
16/07/2020,193,596,1081,2205,737,716,641,870,3380,2752,1657,1484,1131,1097,324,1087,1766,2460,124,8872,2281,3105,1805,2242,1306,792,699
17/07/2020,100,432,797,2125,463,610,282,519,2284,1938,1057,924,1332,515,325,662,1343,2801,657,5367,1916,1366,1768,1779,480,1860,475
18/07/2020,237,149,1712,1783,0,366,255,330,1581,606,909,624,1086,1511,2148,1184,670,3604,0,4612,2232,137,982,1763,114,-264,201
19/07/2020,93,120,379,537,0,94,564,495,1931,428,233,411,943,728,315,2171,478,2097,3294,3022,1076,266,805,1249,-26,1429,397
20/07/2020,167,440,476,912,684,219,125,229,1123,594,581,298,663,310,191,816,1094,1160,2481,1385,1280,336,1078,1875,3,1503,234
21/07/2020,238,260,775,1992,841,299,456,644,3552,1420,1248,1164,326,670,310,1051,898,1434,4116,6235,1629,2391,2061,1789,3022,1438,749
22/07/2020,279,255,557,1970,2293,969,496,729,6401,4122,1577,2128,941,1539,917,1030,1087,3175,3502,16777,2389,3233,3081,1725,3490,1695,1503
23/07/2020,178,178,1498,2109,1145,978,573,849,5113,3134,1757,2132,1858,1364,872,1257,920,3827,2926,12561,2077,1768,2726,2222,3174,1983,782
24/07/2020,236,188,1205,1785,793,942,542,1184,4409,2582,1195,1446,1802,1170,627,1735,1246,4244,3330,11211,2255,2166,2735,2391,2389,1451,632
25/07/2020,264,136,670,1671,700,520,955,1017,3632,2773,880,1173,1710,1040,243,1132,744,3281,1414,16263,1334,2111,2316,1773,1954,729,712
26/07/2020,88,58,369,540,237,435,847,646,1780,488,328,430,1714,655,173,339,602,2478,32,4501,1627,661,1397,2145,1113,396,499
27/07/2020,38,144,616,360,338,73,339,828,930,344,694,540,666,540,192,1009,837,1147,1509,3672,781,265,1408,2148,2071,1507,288
28/07/2020,349,333,1039,1362,701,414,745,938,4204,3121,1403,1482,546,967,1083,1397,1427,2927,1805,0,1391,2303,3633,2246,2652,1707,641
29/07/2020,234,276,975,1664,785,680,666,982,4021,3522,1706,1723,1858,1411,677,1205,1105,2749,2008,26543,1528,2149,3230,1616,3021,1772,968
30/07/2020,207,299,1047,1501,773,459,761,855,4296,2396,1568,1210,1837,1236,616,1470,1316,4021,1995,14809,2568,1977,3903,2100,1611,2130,876
31/07/2020,52,196,800,1335,585,561,546,746,4524,2414,1399,1686,1632,1279,749,1029,1407,3691,1853,13298,2624,219,3169,1850,2672,1418,649
01/08/2020,305,127,837,1368,512,707,522,1267,2772,2046,920,667,1741,981,1141,1011,522,2879,1718,10014,1818,3764,2849,1630,1546,925,803
02/08/2020,36,44,347,232,389,428,1088,1248,1550,652,372,547,1224,535,288,311,424,2816,12,6367,1675,584,1060,2106,628,573,264
03/08/2020,373,165,262,220,123,37,564,538,915,381,529,203,431,231,185,444,977,942,839,1533,1260,439,907,2016,137,1348,642
04/08/2020,369,195,883,1772,1223,6,666,573,3998,2380,1405,1549,432,1219,536,590,994,1985,847,15371,1853,2139,3268,1880,2979,1458,1033
05/08/2020,325,319,981,2418,781,1102,648,843,4348,2102,1572,1311,1488,1476,924,917,1033,3933,3768,9676,2599,2945,3253,2042,3374,2337,637
06/08/2020,230,417,804,2127,705,633,1227,899,3953,1858,1606,796,1074,1181,616,858,1301,3167,1385,13405,1952,2274,3224,2034,3292,1335,786
07/08/2020,113,229,803,1937,665,611,819,823,4202,2108,1781,1250,1477,1290,611,884,1380,4495,1632,9709,1630,189,2948,1903,2910,2944,887
08/08/2020,122,175,571,2340,476,393,745,832,3509,2835,854,776,1241,1181,433,543,1223,3400,2828,13352,0,4569,3167,1921,1724,41,719
09/08/2020,89,69,522,543,144,454,560,865,1628,298,436,189,1021,411,140,422,645,3204,326,5395,1067,396,1186,1233,540,590,637
10/08/2020,32,191,247,509,362,62,626,624,1068,115,430,284,247,196,130,281,1278,1148,1166,1289,4158,43,993,3012,1380,1782,395
11/08/2020,138,237,908,1462,1096,557,758,698,4670,1893,1494,1453,601,966,2501,481,1407,1476,2547,11147,1819,3381,2594,1415,3775,1863,823
12/08/2020,236,165,815,2265,593,573,719,816,4253,1872,1205,1078,1393,1321,-1349,410,1277,3934,3047,15619,1842,2634,2879,1700,3048,1863,947
13/08/2020,249,214,882,1747,615,691,643,878,3935,1659,928,897,1467,1197,500,945,1196,4430,2475,19274,1882,2511,2631,1986,3475,1734,1050
14/08/2020,193,229,975,1983,612,627,994,603,4038,2063,1131,866,1567,933,395,415,1157,3513,1806,11667,2177,2582,3151,1996,2485,1611,875
15/08/2020,81,187,464,1402,364,500,1075,844,3386,1237,956,928,1364,1043,193,476,659,3086,723,11408,1927,2303,1818,1848,1704,492,1108
16/08/2020,32,87,671,959,185,226,511,658,1651,238,573,445,1185,440,60,296,815,2888,3665,1963,1333,432,879,1453,654,508,294
17/08/2020,57,185,351,406,395,42,867,204,1085,583,555,190,225,237,178,316,1279,1313,372,3172,1275,130,786,2268,1073,1240,589
18/08/2020,328,254,618,1715,691,518,989,763,3926,1056,1777,1274,605,911,409,386,1015,2072,4829,8865,1858,3210,2647,1435,3297,1368,968
19/08/2020,213,254,711,2141,798,318,987,439,3618,1943,1386,997,1429,1249,360,368,1216,3371,3513,9847,1659,2674,2537,1592,3291,1399,988
20/08/2020,176,392,743,2022,426,488,954,482,3937,1221,1289,951,1142,1364,471,435,947,3904,2923,9451,2349,177,2222,1997,2583,1457,820
21/08/2020,15,272,457,2393,367,202,1062,217,1147,577,1243,845,1072,697,53,343,874,3561,1120,5132,2343,267,1277,1693,1215,1401,510
22/08/2020,328,156,577,1998,481,336,991,631,4461,1588,770,680,596,974,202,407,702,2884,3428,13284,2260,4504,1659,1675,2479,804,1177
23/08/2020,54,89,246,645,426,203,757,387,1846,854,527,162,1113,389,189,220,279,3107,484,4885,1111,1034,484,1871,1134,315,610
24/08/2020,10,134,177,293,370,40,677,638,1158,123,495,171,217,266,67,134,601,1306,412,2351,1045,80,1041,1521,1905,1279,567
25/08/2020,207,299,787,2027,723,274,1127,399,3731,1822,1026,905,601,791,512,320,698,2816,2643,9190,1533,2810,2157,3171,3561,1745,1259
26/08/2020,183,428,833,1955,605,315,964,423,4082,1396,1755,1005,1120,1140,281,296,718,3237,2672,10465,1704,3221,1870,1563,2463,1432,1035
27/08/2020,150,304,671,1733,686,331,1194,438,2832,1945,1247,883,1069,1064,451,377,753,3969,2523,8318,1833,2331,2078,1610,2768,1775,902
28/08/2020,193,340,761,1577,400,307,1022,419,3124,1757,1221,707,999,873,326,440,831,3523,0,11756,2890,2424,2054,1317,1604,1656,891
29/08/2020,139,146,1015,1372,291,302,1071,309,3813,1610,751,728,1005,883,288,241,532,3100,3759,5213,2003,3677,4712,1346,1351,822,871
30/08/2020,37,121,201,925,183,171,722,154,1272,363,317,130,943,349,142,137,326,2485,345,1982,1636,66,460,1270,547,375,499
31/08/2020,9,301,236,385,474,48,321,167,665,496,403,117,445,140,99,111,910,1507,329,938,1303,1331,30913,1246,1643,1009,415
01/09/2020,193,321,623,1429,615,189,935,454,2691,1380,1066,827,1748,454,243,193,718,2224,3169,10033,1668,1986,2697,1456,2954,1510,883
02/09/2020,187,286,874,1451,643,329,495,292,2881,2063,1787,779,1437,1063,441,210,846,3267,1532,11956,2035,3662,2048,1151,2948,1446,825
03/09/2020,108,264,727,1533,207,298,814,247,3440,1276,1249,798,1475,797,423,251,934,2939,1939,11647,2256,3149,1682,1254,2008,1128,930
04/09/2020,114,390,667,1322,734,331,1075,306,2398,10433,1335,743,0,1031,434,201,941,3026,2218,7038,1915,2607,2392,1297,4834,1550,831
05/09/2020,159,228,539,1573,513,310,1062,359,2040,-7926,792,605,1762,876,404,248,472,3865,258,8069,1868,6268,1765,1405,2107,656,922
06/09/2020,35,88,85,774,201,162,438,255,1048,193,206,143,191,380,108,109,333,2926,71,2637,1426,429,667,1012,258,183,163
07/09/2020,26,93,94,621,171,116,393,69,738,73,260,33,268,276,9,106,288,1208,234,1608,779,38,449,1189,113,387,634
08/09/2020,25,136,318,301,322,49,317,80,851,132,853,154,170,282,69,125,785,651,321,1453,1404,550,920,933,1562,1278,238
09/09/2020,174,252,736,1248,637,203,461,226,2274,1045,1076,867,989,938,256,150,692,1852,500,7793,1076,3074,2585,969,3350,1411,982
10/09/2020,209,278,701,1253,424,350,1213,238,2239,1137,729,768,1040,1006,384,265,868,4018,940,8178,2000,3816,1194,923,4252,1433,701
11/09/2020,127,136,763,1367,418,247,758,110,2182,1119,1026,523,1024,717,359,259,675,3616,5640,8055,2335,2083,1525,918,3877,1601,2258
12/09/2020,144,124,516,1227,324,246,740,588,2156,1197,482,688,770,860,167,120,541,4041,323,7881,2245,2789,1363,1097,1785,742,367
13/09/2020,18,64,193,721,122,130,327,202,852,374,107,255,259,311,255,68,194,2073,1715,1567,1258,639,681,1191,544,242,406
14/09/2020,10,102,275,430,262,67,313,102,718,350,415,202,181,142,60,213,703,1734,319,1092,649,1004,895,1084,2338,1164,331
15/09/2020,111,162,743,1512,514,303,690,263,2213,1273,804,740,1016,675,287,157,665,1609,1608,7922,1000,3033,1601,826,4628,1409,889
16/09/2020,176,149,701,1182,359,316,546,388,2237,1334,968,679,699,746,286,139,792,2989,1764,8157,1510,3433,1441,1076,2683,1404,666
17/09/2020,253,106,650,958,539,234,412,52,1970,1032,729,777,757,712,389,218,763,3406,661,7393,2469,3408,1252,1021,4054,1257,831
18/09/2020,226,229,858,762,337,294,815,263,2364,1164,1081,607,910,772,333,104,801,3184,2955,7711,2123,2968,1232,1075,4125,1481,1023
19/09/2020,119,137,1214,985,202,396,669,652,2191,998,753,622,807,618,308,108,448,2824,1463,7141,1557,3391,1084,1177,1930,614,649
20/09/2020,18,125,184,314,166,214,256,558,1093,218,324,148,475,309,221,101,571,2044,648,3627,1409,637,370,653,959,365,382
21/09/2020,27,83,163,256,404,28,121,212,693,302,291,143,260,247,33,200,807,1141,137,2032,606,572,712,806,1544,1434,185
22/09/2020,140,189,767,864,514,212,729,288,1809,1102,965,616,711,738,242,120,769,2039,1710,8090,2184,2136,1360,794,2160,1362,926
23/09/2020,151,229,726,1382,525,377,514,551,1610,878,777,553,677,675,302,160,739,3081,1129,6551,1245,1951,1208,703,4638,1297,652
24/09/2020,159,152,876,1281,175,297,567,194,1833,1008,496,519,538,771,298,250,722,2587,3100,6267,1585,1781,1148,893,3261,1244,815
25/09/2020,154,141,916,1240,251,258,640,184,1810,39,737,567,565,598,272,124,937,4578,1503,6681,1424,1898,1057,950,2439,1178,770
26/09/2020,149,88,964,1284,191,207,522,187,2128,1421,557,597,672,780,169,190,445,2871,182,5967,2079,2004,986,713,1744,643,638
27/09/2020,15,50,247,930,285,230,194,170,850,367,275,52,76,361,127,166,482,2269,2190,1349,1132,397,493,905,183,265,258
28/09/2020,11,140,292,312,178,57,155,99,593,127,421,204,80,193,138,89,604,1518,146,905,839,262,482,992,2970,1115,233
29/09/2020,145,119,1256,1107,287,217,614,156,1623,435,669,667,1229,494,248,108,840,2154,1693,6377,1316,2475,1195,812,3953,1231,638
30/09/2020,192,200,1362,1274,238,264,524,330,2274,1662,719,613,846,859,420,160,854,2878,1084,6109,1600,2319,1217,928,2704,1040,743
01/10/2020,187,131,914,1294,350,232,603,625,1524,525,631,542,701,763,282,195,860,3438,1452,6097,1907,6614,1146,882,2775,954,533
02/10/2020,146,144,959,1060,212,332,402,246,1354,647,593,464,865,649,391,144,675,3475,4160,5608,1398,3241,1098,915,2582,1082,589
03/10/2020,107,73,938,999,103,285,390,178,1307,338,430,408,612,610,447,223,719,3445,1180,6096,1512,2160,911,741,1170,280,648
04/10/2020,10,26,245,231,47,70,21,170,729,204,170,32,68,236,169,193,552,1672,126,473,761,132,585,630,125,532,247
05/10/2020,15,73,191,96,160,0,59,37,565,233,365,177,37,259,67,185,650,1267,1637,677,330,778,826,554,1637,801,270
06/10/2020,118,113,998,755,231,82,109,148,2142,12823,530,674,763,673,254,145,904,1658,2077,6260,1353,1878,1398,820,3441,1006,553
07/10/2020,13,149,921,1064,167,185,382,143,1834,835,712,751,922,684,855,167,740,2908,2024,5916,1570,2331,1210,582,3040,967,481
08/10/2020,16,122,875,882,142,244,378,112,1817,1101,589,434,597,588,450,265,740,2009,2705,5649,470,1917,1451,823,1797,1056,521
09/10/2020,183,130,866,648,156,252,357,115,1412,614,608,536,678,575,102,288,769,3049,1936,5786,1404,2150,1534,615,1371,766,544
10/10/2020,14,88,805,447,333,309,344,137,1754,1285,357,428,584,828,175,256,343,3050,1327,6626,1532,2009,977,762,1189,315,475
11/10/2020,19,83,419,13,125,197,88,36,993,390,216,164,146,317,264,395,491,1796,268,2844,1008,376,599,466,353,168,108
12/10/2020,13,38,8,20,36,22,59,54,677,68,125,56,78,232,182,79,822,1031,183,684,1831,426,795,377,180,189,164
13/10/2020,209,169,399,38,153,42,74,74,693,420,280,140,77,313,72,259,874,659,195,685,718,386,395,818,1113,728,237
14/10/2020,29,152,654,839,267,147,355,128,2460,642,484,718,742,648,552,193,833,1346,1152,6031,913,1962,1507,828,2260,908,485
15/10/2020,105,145,848,684,219,505,360,110,1575,1283,500,665,825,868,657,306,517,2430,1077,6553,1011,1903,1502,728,2019,688,440
16/10/2020,192,182,418,704,211,373,351,86,1536,576,406,576,654,827,2308,192,1114,3031,3158,5627,1325,1728,1521,790,1642,840,546
17/10/2020,95,78,1402,743,84,293,236,87,1799,1102,327,384,403,682,189,194,825,2565,129,5394,803,2129,1832,728,709,386,464
18/10/2020,25,41,411,276,0,162,23,128,654,857,164,19,106,362,422,445,497,1685,1309,968,780,324,394,653,0,165,112
19/10/2020,47,72,261,20,306,45,130,35,881,481,494,114,101,194,1277,476,999,965,535,437,1140,1004,1065,752,2633,552,367
20/10/2020,100,119,938,867,119,233,341,116,1762,706,475,496,664,514,156,261,819,1459,1208,4923,1213,1674,1557,556,718,780,453
21/10/2020,60,212,1669,989,199,217,249,102,1221,27,463,369,624,672,622,525,1084,2395,1319,4299,1173,1769,1052,815,1428,847,417
22/10/2020,103,228,765,1111,275,229,252,101,1450,1958,461,317,359,766,45,313,581,2657,1081,3678,1276,1299,2211,590,1650,752,350
23/10/2020,93,146,966,1049,235,364,336,147,1861,891,517,494,719,705,130,268,1251,2029,1776,6702,1155,2182,2072,565,2139,824,410
24/10/2020,96,106,779,1327,309,344,216,130,1488,227,302,433,724,778,202,239,505,1818,2026,5614,1341,3132,1862,526,1453,523,479
25/10/2020,87,53,349,783,111,249,66,53,691,872,175,123,157,274,176,148,646,1798,557,2725,727,0,1108,608,525,130,302
26/10/2020,13,65,344,636,139,89,45,77,1244,313,184,135,99,175,29,69,885,708,3366,863,702,1597,1391,776,1001,618,163
27/10/2020,63,235,1050,1211,287,231,271,130,1772,429,546,519,878,586,159,102,958,1521,2158,5364,1290,2723,2422,629,3039,740,474
28/10/2020,165,96,865,1101,234,287,337,113,1990,1098,332,544,807,679,604,83,861,2278,1768,5375,1360,2298,2652,668,933,606,495
29/10/2020,93,352,1013,956,230,264,269,67,1566,674,156,252,579,657,279,123,999,1915,1345,5278,960,2708,1937,698,1641,685,410
30/10/2020,120,155,838,1097,145,269,319,107,1423,774,558,499,662,565,129,66,676,2121,1479,4928,869,0,1868,622,1149,289,555
31/10/2020,38,145,249,530,170,282,144,118,457,633,113,419,491,526,97,89,1030,1624,481,2339,752,4174,2584,483,324,309,346
01/11/2020,155,325,291,161,223,123,56,31,886,156,90,71,84,255,136,36,284,1020,1037,1020,728,906,1117,211,299,125,274
02/11/2020,3,153,165,149,64,81,23,98,533,274,69,66,62,228,179,129,688,839,294,648,240,955,1486,180,415,214,266
03/11/2020,8,179,421,220,96,136,32,98,407,218,223,93,117,168,66,86,967,326,1781,749,784,627,2280,566,639,418,138
04/11/2020,256,0,839,935,246,165,311,126,770,838,363,579,486,588,319,132,1120,1184,0,4755,1032,3208,2814,453,1441,599,417
05/11/2020,30,0,671,985,335,515,184,128,3377,648,332,339,580,496,203,101,1045,2201,754,2637,909,1556,2007,300,1142,642,177
06/11/2020,78,0,0,770,197,380,0,137,2006,933,390,540,1051,799,129,243,1077,1762,966,0,1641,2957,0,471,1124,668,543
07/11/2020,249,0,1324,759,213,381,564,196,1427,698,261,488,649,701,154,173,318,2306,539,0,1592,2403,5008,424,607,385,561
08/11/2020,132,178,270,272,271,124,66,115,583,207,97,192,411,216,197,151,1209,1347,822,0,800,710,969,539,319,147,210
09/11/2020,81,320,305,202,179,6,55,130,840,451,267,87,207,407,21,100,585,1035,405,0,1623,758,1034,472,569,582,196
10/11/2020,138,244,802,939,198,78,235,91,1955,714,394,425,693,583,281,97,1516,1491,2378,0,0,2920,4886,509,1442,583,381
11/11/2020,187,216,715,878,302,313,211,101,1728,667,364,608,860,617,92,69,1060,2169,1645,24936,2793,3174,2711,423,1443,605,483
12/11/2020,402,266,0,869,258,360,222,126,1590,2482,371,837,787,590,155,161,1275,1886,1785,5780,2199,3590,1730,686,1612,2750,438
13/11/2020,146,361,1110,1073,350,210,260,162,2119,320,273,468,830,517,169,89,1309,2737,623,6130,0,3071,4805,533,253,499,653
14/11/2020,330,421,569,403,383,260,184,152,1349,1417,180,522,843,484,124,87,589,2036,3639,4640,10491,3108,4015,700,625,235,521
15/11/2020,165,141,168,254,201,119,105,116,1282,1093,89,82,307,232,245,65,1177,1572,311,1218,793,1188,2144,280,226,228,333
16/11/2020,139,177,219,111,286,44,92,46,712,1261,115,622,356,94,7,101,1139,591,499,737,1676,1165,1454,411,655,486,176
17/11/2020,180,226,906,446,184,211,195,173,653,680,231,608,674,200,501,127,1857,1954,2554,8698,2332,3479,5178,628,959,606,854
18/11/2020,250,270,703,810,367,211,254,136,2071,880,385,579,826,447,227,88,1220,2324,2387,6421,3054,3853,4210,495,640,294,689
19/11/2020,251,233,957,780,358,244,260,172,2849,1192,320,627,908,515,149,251,1028,2586,2118,6794,2684,2719,4605,756,1401,586,575
20/11/2020,270,200,740,875,352,308,280,122,1870,611,312,633,688,579,335,235,1731,2773,2401,9058,2045,3298,6109,554,1236,246,536
21/11/2020,189,151,488,752,335,191,262,114,1781,1034,174,650,946,511,913,242,583,2424,362,5087,3589,3683,5888,542,572,242,917
22/11/2020,191,312,131,446,284,94,94,81,958,658,77,192,472,226,824,159,623,1399,926,4153,1211,923,2818,280,214,84,785
23/11/2020,223,374,303,265,267,177,98,129,1418,1046,162,131,428,185,166,229,1288,1081,485,1037,1740,843,1753,859,491,526,503
24/11/2020,204,421,799,507,574,124,282,139,1465,0,355,310,781,449,206,323,1701,1522,2145,5219,3580,3096,4115,496,789,721,777
25/11/2020,135,355,719,920,281,275,324,207,3123,2410,408,717,1147,698,1090,300,1645,4006,3162,8900,3820,4569,4933,860,1234,755,905
26/11/2020,116,345,916,824,318,189,232,145,1472,2079,372,763,553,418,703,561,1890,3338,2029,4523,4420,2312,5998,824,1149,584,541
27/11/2020,452,257,928,533,0,154,267,332,1919,1160,344,363,669,661,3880,338,1785,2851,1324,4320,3726,2476,3420,884,0,559,528
28/11/2020,164,535,658,813,977,59,549,221,4204,978,208,369,2084,520,725,508,156,3265,5412,4507,3201,7813,9523,494,1866,229,1884
29/11/2020,160,121,191,498,290,418,203,246,2915,659,13,102,449,1046,1110,491,2355,2251,556,2379,1522,1842,3047,627,120,99,758
30/11/2020,179,175,209,180,483,88,163,125,1652,678,104,41,565,293,641,150,942,1088,1038,1180,2377,1280,5347,444,484,534,698
01/12/2020,304,292,1065,680,264,250,340,168,3118,787,380,541,1853,672,537,238,1927,3320,3628,8937,5239,4367,8201,976,965,770,1090
02/12/2020,183,427,698,897,520,327,323,236,3228,388,333,734,1348,746,1021,534,2026,4500,3415,9114,3223,4854,6076,783,2167,811,951
03/12/2020,153,541,879,1001,411,275,356,255,3268,1366,437,746,1431,664,174,798,1431,4635,3788,8208,5423,5724,4956,521,1289,570,1134
04/12/2020,253,360,789,627,331,143,344,255,4049,700,480,729,1094,729,243,75,1662,4291,2456,8237,3442,5032,6174,1355,1154,683,1197
05/12/2020,125,302,706,792,344,368,305,402,2310,575,220,709,1518,714,483,61,1773,5223,2626,8938,2860,4766,3851,595,965,384,1294
06/12/2020,44,124,331,504,501,220,111,332,4080,0,66,673,765,445,374,2597,1523,3011,808,2675,1239,2234,2586,355,66,203,496
07/12/2020,107,216,207,502,483,110,133,152,1580,271,135,604,746,470,598,723,1668,871,301,1116,2710,1534,3503,645,355,608,23
08/12/2020,128,214,955,670,567,69,404,189,3330,4454,368,586,1236,641,278,319,2411,2614,3377,7923,4591,4114,6312,1104,1484,761,1989
09/12/2020,116,318,438,799,446,134,333,275,3752,2900,369,737,1133,623,1010,853,2409,4080,3331,9784,5069,4861,5628,842,961,938,1314
10/12/2020,230,296,821,1046,514,377,356,314,4876,1371,488,761,1588,618,1368,644,1551,4484,3560,9786,3981,4435,5121,792,1995,738,1236
11/12/2020,248,543,843,792,334,379,326,386,3883,1006,402,889,1945,534,1131,572,2332,6173,3298,8791,5059,5163,4292,831,1875,851,1550
12/12/2020,213,278,342,742,157,247,309,229,2920,229,158,594,1363,559,506,910,1408,5008,3489,8601,4379,3557,5051,689,0,421,1541
13/12/2020,49,271,554,672,444,186,113,435,1196,1239,50,93,258,288,1070,679,312,3478,694,940,2483,3891,1306,462,0,240,422
14/12/2020,216,288,451,442,264,47,164,316,2465,481,211,268,362,175,383,602,820,980,768,2313,2376,2303,4649,1036,1457,673,683
15/12/2020,84,0,651,953,791,61,182,310,4114,287,417,817,734,347,556,618,3590,4222,1457,4412,7537,3358,3497,737,1509,998,650
16/12/2020,226,702,988,1052,488,59,449,773,4866,3704,463,1388,2071,530,1240,777,3826,4472,4036,0,20197,6453,7077,531,1181,1044,1981
17/12/2020,228,246,894,1120,466,403,405,296,4920,1182,353,1274,1646,654,276,558,2488,5672,3493,20303,6389,6112,5538,899,1716,904,1391
18/12/2020,175,0,1156,935,547,207,386,312,3057,927,343,1053,1765,604,556,104,1971,5565,3601,9922,4494,5721,5160,913,1130,864,1076
19/12/2020,528,560,706,858,412,175,324,359,3920,367,251,660,1746,580,727,1232,2246,5253,1180,12447,3574,5061,4013,622,594,466,1316
20/12/2020,127,106,302,498,225,70,183,307,1657,1080,11,327,418,337,1280,913,1496,3485,3160,0,1660,2157,3909,409,8,254,1066
21/12/2020,253,207,351,486,536,102,217,158,1517,255,93,203,709,208,800,471,1539,1827,755,3943,2282,2039,2488,1000,942,912,726
22/12/2020,65,290,1217,919,1252,155,375,302,2688,1054,337,972,1946,434,771,592,2277,4201,3794,10714,6102,6206,4671,629,871,1026,1342
23/12/2020,85,226,862,930,739,223,306,433,3090,808,219,928,1915,582,1465,655,1825,6519,2975,10383,3293,98,3796,525,1115,1049,1652
24/12/2020,239,194,999,883,525,198,363,391,2598,1082,152,610,1457,545,907,1223,0,5969,4199,9351,9793,10433,3001,552,797,565,1402
25/12/2020,85,89,401,429,282,88,240,258,1211,0,80,231,1109,215,1053,825,2574,4030,603,3596,1586,2102,1481,329,176,251,1291
26/12/2020,13,72,201,18,206,42,161,298,1349,692,57,727,387,317,274,445,1421,2113,929,1253,1223,2147,1561,650,204,196,290
27/12/2020,164,431,429,531,188,27,149,426,1624,33,84,308,603,251,564,777,655,1217,994,2836,1572,823,1705,615,73,303,1097
28/12/2020,110,425,318,495,892,31,121,197,748,755,93,578,442,253,31,1058,2241,1110,605,1576,2835,638,2182,1193,652,746,223
29/12/2020,222,256,1447,1086,687,68,384,371,3206,2067,344,423,1778,509,948,803,2784,4995,4585,12477,4036,6217,3806,721,1861,1271,1366
30/12/2020,123,297,1369,805,681,146,253,380,2847,1775,185,1010,2512,693,1157,931,2726,6391,2114,11849,3896,5754,3134,678,1227,1135,1581
31/12/2020,265,499,1443,828,694,180,311,319,2862,2629,189,1058,1882,721,1179,770,1449,6865,6275,10219,3939,5462,3514,566,666,659,1330
01/01/2021,69,160,561,262,270,21,178,273,1284,901,21,578,827,507,270,1039,1028,3975,742,3894,1757,2238,1864,376,244,277,989
02/01/2021,252,80,293,5,434,148,56,270,602,582,17,553,332,31,338,372,967,2418,214,1762,1292,1008,2077,797,82,234,611
03/01/2021,105,127,546,203,473,17,111,353,722,189,41,429,215,279,388,769,1416,1370,135,3469,1700,1837,821,481,147,442,556
04/01/2021,71,207,559,214,291,72,157,318,815,212,76,135,305,162,107,951,1472,1432,3606,2248,1726,569,1565,955,635,813,333
05/01/2021,53,321,1928,1215,657,82,370,378,3077,981,162,366,1491,549,838,1143,2382,4588,4262,12881,4748,5283,3875,603,1581,1514,1320
06/01/2021,208,373,2192,1313,957,151,366,471,3038,2133,199,1101,1604,657,812,1039,410,9515,4482,14534,3084,4728,4112,962,1882,1525,1582
07/01/2021,100,405,1706,1222,784,146,404,398,2980,1187,187,965,1511,527,603,1227,2892,5450,4669,14073,32436,4801,4432,807,1027,1593,1311
08/01/2021,336,470,0,1071,748,135,445,349,2777,1665,104,936,1250,613,1152,1217,2037,7812,1517,13794,0,4779,3880,673,1731,1358,1186
09/01/2021,94,332,4198,1409,681,179,471,481,2497,946,170,714,1190,782,1192,960,1277,8399,5591,11561,8330,3584,3596,798,827,915,1116
10/01/2021,219,226,965,1047,564,92,183,433,1649,926,30,515,1146,259,495,1372,1370,4443,1061,5619,1640,1979,1772,658,298,0,831
11/01/2021,219,385,2151,624,930,53,162,278,915,311,105,523,719,471,245,1242,1830,2696,634,3010,1670,1582,1901,986,691,1034,455
12/01/2021,86,402,1958,1387,1280,103,634,499,2105,111,264,219,1482,523,815,440,2010,7826,3589,12702,11400,3695,3546,1000,2769,2183,997
13/01/2021,353,360,1474,1500,939,198,486,401,3094,3179,260,681,1803,835,212,666,1765,8319,4287,15275,494,5223,3365,659,2237,1739,1095
14/01/2021,283,373,3816,1017,1215,260,564,392,4113,1161,265,1028,1412,819,1340,1262,1825,8694,4211,13710,5811,4605,3949,766,1898,1863,1106
15/01/2021,88,402,3151,1491,1380,129,558,460,5471,1776,317,770,1702,688,957,1145,2044,9120,3396,15016,4851,5207,3698,706,2113,1396,1166
16/01/2021,465,389,2856,1416,841,277,555,396,5832,989,178,838,1450,672,1702,366,1513,7831,4067,13774,3531,4229,3306,828,907,1043,1316
17/01/2021,146,204,1277,590,883,196,332,475,3401,1048,89,783,482,351,801,680,1034,6812,947,5720,1563,1864,1403,471,161,560,767
18/01/2021,8,209,1790,290,1275,117,199,281,2548,591,158,225,322,222,228,459,1669,2482,373,2933,1113,1173,1644,1047,750,1119,446
19/01/2021,433,419,1537,1247,1041,167,607,373,4004,2138,383,238,1635,592,395,651,1786,5865,4375,15953,4858,4285,3133,612,2306,1979,1082
20/01/2021,221,265,5009,1569,1096,219,594,379,4991,868,336,1272,1770,786,1321,781,1108,7429,4015,14411,3767,3945,3057,620,1980,1545,1031
21/01/2021,300,225,2202,1487,1310,132,462,378,4455,1419,467,1111,1985,774,880,737,1843,8831,3306,12118,3127,4025,2731,834,1444,1472,1064
22/01/2021,258,339,3975,2057,1422,157,535,351,4130,1745,298,1309,1714,626,836,812,1939,9593,669,9005,3578,3054,2838,1054,1784,1585,889
23/01/2021,252,180,3404,1700,933,387,503,457,4566,824,331,1134,1652,708,871,502,992,8873,5389,14596,3127,3815,2626,956,1612,982,962
24/01/2021,190,195,1152,901,968,186,195,507,2854,1378,85,819,537,257,893,492,800,4171,1017,5072,1821,863,1201,821,122,339,487
25/01/2021,110,151,1222,768,996,149,138,667,1423,1616,140,1181,589,361,357,826,1455,2697,234,2867,1870,905,2407,1148,1373,914,252
26/01/2021,235,241,3525,1349,1239,194,581,547,3349,1673,299,1126,2124,426,610,348,1172,5707,4160,12959,6829,3994,2781,1056,2839,1553,1047
27/01/2021,345,299,3146,2396,1669,265,505,563,3970,1625,370,1213,2068,726,816,553,1228,8392,3517,16041,3272,3802,2949,1052,508,1648,582
28/01/2021,342,371,1852,2272,970,317,410,433,3645,1016,390,1044,1494,594,456,829,1113,8318,3678,14776,4491,3411,2564,1174,3568,1492,791
29/01/2021,475,377,2116,1719,1225,416,547,394,4173,964,465,1125,1748,306,799,895,1660,6000,4077,13887,3116,3342,3428,1087,2933,1802,750
30/01/2021,411,196,4420,1519,757,255,442,514,4078,1055,270,1065,1954,809,1220,519,761,8001,3862,13067,3862,3209,2512,884,1032,1046,742
31/01/2021,120,157,1400,506,706,206,109,481,2148,3117,73,1104,621,439,551,618,1056,4518,237,4344,1903,574,1199,538,220,413,398
01/02/2021,353,363,1323,180,949,149,131,452,1128,1439,161,1014,445,267,121,770,1097,1779,2031,2354,2652,780,1735,797,779,992,350
02/02/2021,229,325,2460,1677,1154,103,442,521,3536,168,549,867,1977,451,547,424,1359,4707,3278,14297,4319,3255,2802,409,1713,1678,849
03/02/2021,498,260,2685,1889,947,338,425,347,3370,3167,526,1054,1627,511,412,612,1068,5947,3249,12990,2466,3036,3185,656,2264,1690,783
04/02/2021,397,224,2689,1652,1030,255,401,370,3295,7,361,963,1650,696,802,388,1466,10052,2852,13932,3287,2772,2891,430,1990,1332,689
05/02/2021,178,210,2238,1749,1159,328,334,570,3357,2512,246,0,1487,388,0,394,1548,5441,2757,12222,2846,3415,3021,624,1781,1445,622
06/02/2021,332,223,2965,1594,851,204,452,427,3270,911,273,1978,1451,812,1054,267,1210,4649,2690,11923,3447,3166,2723,573,1530,828,827
07/02/2021,92,153,985,623,419,220,190,239,1884,976,174,664,864,257,1261,351,1007,7050,162,4248,1561,510,1575,403,150,415,412
08/02/2021,148,191,919,603,995,108,145,451,1809,1934,239,611,741,232,490,841,700,2104,2101,2442,1444,493,1205,544,537,1062,350
09/02/2021,575,284,1442,1777,946,223,447,458,3584,1577,522,971,1736,450,459,609,1146,3972,1009,13201,3929,3707,2785,525,2537,1578,1037
10/02/2021,410,230,2744,1432,870,284,393,422,3450,0,514,1140,1531,410,957,828,1578,6466,5985,13825,2450,5596,3096,578,2387,1180,846
11/02/2021,493,331,2205,1881,714,309,421,466,3253,3349,591,1130,1643,665,945,499,1528,6504,2033,11167,3461,3333,3350,545,1937,1167,822
12/02/2021,376,356,2445,1783,838,337,497,508,3636,1400,559,1137,1380,696,568,437,1501,5554,2768,11605,2591,3173,3361,512,1478,1350,700
13/02/2021,372,183,1828,1354,249,228,479,626,3587,0,517,830,1805,461,0,656,856,5352,2158,9837,3158,3506,2755,595,1152,937,818
14/02/2021,107,154,632,463,819,259,189,670,2584,2793,154,641,891,538,399,536,610,3184,795,2187,1144,1322,1865,537,587,303,396
15/02/2021,428,135,925,485,781,71,77,749,1796,2845,213,995,803,241,8341,648,476,1446,706,2316,1406,969,2277,738,981,954,395
16/02/2021,135,277,1808,1223,749,166,320,632,3849,947,391,818,1582,491,211,417,411,3049,8385,11496,8000,1897,3757,561,1331,1457,911
17/02/2021,302,271,1808,667,1117,371,272,650,3733,11113,580,1014,1927,513,272,464,854,5159,587,11302,4060,1922,3529,583,1421,1701,574
18/02/2021,238,259,2141,1134,955,326,565,626,4017,0,420,1331,2226,522,378,279,1026,5547,2415,10747,3040,4125,4659,645,1896,1529,833
19/02/2021,432,219,1950,1564,1007,428,499,389,4140,-2532,745,1191,1358,779,1272,429,1783,4989,2256,11105,3632,4197,4482,864,1569,1432,871
20/02/2021,181,185,1664,1551,497,622,622,502,4100,1674,634,1349,1132,783,749,333,1163,9604,2250,10859,3858,4212,4577,748,1392,1224,1007
21/02/2021,43,141,753,541,513,162,323,349,1851,2257,85,1004,944,279,850,427,1100,3274,573,4504,2982,1717,2539,843,229,312,431
22/02/2021,183,363,1161,617,863,212,236,309,2146,1044,268,941,689,257,81,346,1239,2062,859,2550,2099,2029,2856,951,1138,1058,429
23/02/2021,622,228,2147,1850,1099,279,684,545,5025,2052,437,980,1724,633,527,255,1241,5386,409,12077,6275,5777,6177,582,2776,1743,1185
24/02/2021,290,262,1608,1694,1243,375,609,399,4398,2614,655,1320,1566,677,956,450,1482,5696,3908,12086,4467,7194,4878,1361,3458,1850,1092
25/02/2021,376,194,1420,1340,999,451,684,472,4917,2408,854,1594,1202,636,1280,560,1385,9043,1935,11889,5646,5446,4754,1068,2901,1650,894
26/02/2021,474,217,1572,1859,951,358,769,666,4563,3162,279,1186,1723,857,1535,405,1203,6728,424,11596,4543,7188,6050,1129,3379,1439,914
27/02/2021,606,226,1688,1428,622,495,771,483,6520,1548,798,1416,1455,765,294,491,1067,5654,2622,11142,5248,6977,5112,704,1710,832,928
28/02/2021,197,158,367,727,773,273,330,680,3133,2590,74,1392,616,401,1551,878,1080,3821,880,4361,3688,1928,1792,1079,241,475,542
01/03/2021,360,222,702,768,741,77,543,499,2020,1776,325,1144,629,317,534,592,1163,4400,751,3071,3204,2748,4974,2142,522,1065,453
02/03/2021,187,292,1576,1202,1675,91,874,456,3397,3036,821,910,1330,538,742,364,1057,3975,1825,10168,6174,6006,5814,563,3994,1734,1124
03/03/2021,425,306,704,1697,1375,395,697,519,5329,2741,579,1118,1613,1004,1248,619,1153,6565,2180,13749,4699,7831,7209,1520,3423,1994,1012
04/03/2021,378,325,924,1570,1548,485,874,576,5985,4092,852,1385,1685,799,870,496,1685,7890,1894,12236,5400,9940,5674,1266,3397,1881,995
05/03/2021,616,257,2355,1347,1360,355,816,623,5607,3226,597,864,1588,958,1654,549,1477,7334,2251,13072,5670,9127,5853,1500,3909,1759,771
06/03/2021,569,158,1383,1261,827,293,516,530,4525,2196,720,1440,1664,1232,235,144,1320,7336,560,13763,8598,9599,5633,1692,1147,1078,1190
07/03/2021,219,355,493,553,704,101,698,617,3105,2750,288,1218,300,765,105,1209,712,6368,1697,6051,45020,2671,1741,874,815,537,542
08/03/2021,368,301,461,602,1341,23,381,541,1413,2126,333,1012,373,284,2248,725,1275,1999,762,4224,2026,2559,1576,2288,1049,1379,652
09/03/2021,65,467,1610,1288,1141,0,905,652,4650,3058,547,1200,1319,887,1172,382,1344,3830,2172,16058,5400,11806,2986,1008,3947,1982,888
10/03/2021,400,328,1349,2120,1721,53,1004,580,5499,3056,965,1365,1582,1085,1424,597,1521,10409,2436,15541,8345,10403,-110,1551,3550,1865,1237
11/03/2021,273,421,1240,2145,1613,987,1194,726,4975,3519,838,1483,1669,1090,1455,252,1831,7745,2094,14505,4330,6847,5501,1858,3640,2247,934
12/03/2021,315,384,1247,1728,1227,333,1111,864,5124,5518,984,1365,1566,1409,1242,195,1405,9912,2505,15720,5664,10017,6653,1565,4725,1781,1104
13/03/2021,623,313,1162,1288,701,330,1185,716,4482,5631,848,1694,1631,1133,301,716,1512,7421,2281,15344,6229,9281,4460,1660,2588,1449,1199
14/03/2021,288,255,596,660,692,195,670,697,2916,3116,407,1256,1104,652,185,549,944,7490,268,7853,3852,3107,2401,1699,779,464,717
15/03/2021,320,316,541,832,1493,89,739,1048,1163,1793,416,1025,921,257,52,1057,1576,3215,1086,5259,2143,1978,2341,2056,2647,1340,536
16/03/2021,438,755,1299,1832,1960,166,962,1154,4608,5040,669,804,2482,796,1028,516,2502,6093,1081,17684,5823,9331,7547,1429,3958,2757,1212
